area_restored_ha,ecosystem_type,time_since_restoration_months,vegetation_density_index,coastal_zone_type,predicted_co2_tons_per_year,site_id,module,ndvi_change,vegetation_cover_percent,time_interval_months,area_consistency_score,restoration_status,image_authenticity_score,satellite_confidence_score,ngo_historical_acceptance_rate,upload_frequency,location_sensitivity,risk_level
91.57933655440371,mangrove,47.89271145005255,0.4468161406214229,Lagoon,394.8326298081197,BCS007,co2_prediction,,,,,,,,,,,
21.178109371667563,mangrove,31.523625552311092,0.5214413581583851,Brackish,126.242133987209,BCS004,co2_prediction,,,,,,,,,,,
44.09750157964389,mangrove,20.41353499572336,0.6143001475951301,Bay_tidal,286.10037257710087,BCS008,co2_prediction,,,,,,,,,,,
168.06082121375576,mangrove,75.7090874492747,0.7033058428443166,Deltaic,1142.6282930828295,BCS005,co2_prediction,,,,,,,,,,,
75.44619633074777,mangrove,38.98482461508693,0.4722308601632832,Lagoon,351.5763693500773,BCS007,co2_prediction,,,,,,,,,,,
60.19948297110818,mangrove,59.63333800035603,0.5601875607247451,Marine_shallow,340.01474123811096,BCS010,co2_prediction,,,,,,,,,,,
33.034430494685616,mangrove,37.83010336280954,0.4526432225648868,Shallow_marine,158.37646318758803,BCS003,co2_prediction,,,,,,,,,,,
87.13823297955871,mangrove,42.086348075912916,0.48341366938566194,Lagoon,392.3052349170766,BCS007,co2_prediction,,,,,,,,,,,
41.54408574782573,mangrove,18.84288896241952,0.4845464334801697,Bay_tidal,210.9862824740431,BCS008,co2_prediction,,,,,,,,,,,
145.63353872961997,mangrove,70.07544898156333,0.6508622179838935,Deltaic,1284.7339307094128,BCS005,co2_prediction,,,,,,,,,,,
24.725127457546506,mangrove,30.40937909600696,0.45248842434950026,Brackish,120.12234072366641,BCS004,co2_prediction,,,,,,,,,,,
44.18849156110754,mangrove,18.11614194030492,0.4688410921241797,Bay_tidal,259.73036660766377,BCS008,co2_prediction,,,,,,,,,,,
41.81975016148373,mangrove,20.31633052665975,0.5451806144662518,Bay_tidal,217.63131496731344,BCS008,co2_prediction,,,,,,,,,,,
35.648862997428374,mangrove,38.9953754656881,0.4843357060913276,Shallow_marine,153.7176304010962,BCS003,co2_prediction,,,,,,,,,,,
35.99780593409168,mangrove,36.54944025532915,0.5510678541828431,Creek_tidal,220.1176024341686,BCS006,co2_prediction,,,,,,,,,,,
145.555407044108,mangrove,77.77588507375452,0.7376704961363625,Deltaic,1062.768879248139,BCS005,co2_prediction,,,,,,,,,,,
81.22755494912874,mangrove,64.56474764404344,0.7943604266137286,Estuarine,684.7095311024536,BCS002,co2_prediction,,,,,,,,,,,
38.408838704441095,mangrove,22.4350347982005,0.6376886358245626,Bay_tidal,259.89197138206924,BCS008,co2_prediction,,,,,,,,,,,
37.138578036428996,mangrove,37.06940428043897,0.5608009388679388,Creek_tidal,224.7295534442499,BCS006,co2_prediction,,,,,,,,,,,
78.58486764985479,mangrove,58.45369218700668,0.809814133891957,Estuarine,731.8333890620872,BCS002,co2_prediction,,,,,,,,,,,
153.98848100623007,mangrove,70.71057321476832,0.7315320429457343,Deltaic,1165.4183006767464,BCS005,co2_prediction,,,,,,,,,,,
42.73775876743535,mangrove,51.717546976839465,0.5567259583873723,Tidal,326.48491214171014,BCS001,co2_prediction,,,,,,,,,,,
73.7723822367116,mangrove,60.71233533808764,0.5451431211532426,Marine_shallow,331.23407216832095,BCS010,co2_prediction,,,,,,,,,,,
34.27102615777701,mangrove,34.27727741510728,0.4971276679867469,Creek_tidal,224.59333853915862,BCS006,co2_prediction,,,,,,,,,,,
18.638661842580163,mangrove,24.509486774902264,0.4841126338772196,Estuarine,131.36040480070213,BCS009,co2_prediction,,,,,,,,,,,
43.92668508143457,mangrove,51.6596360492571,0.579609715378079,Tidal,308.07932681387126,BCS001,co2_prediction,,,,,,,,,,,
70.0616941815348,mangrove,71.92368899042913,0.6091551937353229,Marine_shallow,309.282194278594,BCS010,co2_prediction,,,,,,,,,,,
33.65600167237643,mangrove,46.65765304514611,0.5198430853322388,Shallow_marine,167.20128644470617,BCS003,co2_prediction,,,,,,,,,,,
92.35186363813452,mangrove,43.450166806848564,0.4032032522907302,Lagoon,336.40807490026316,BCS007,co2_prediction,,,,,,,,,,,
23.89615721355857,mangrove,27.6819310471552,0.5294929527284729,Brackish,101.6535691262067,BCS004,co2_prediction,,,,,,,,,,,
22.606703895743994,mangrove,21.484499569757297,0.47775847452379544,Estuarine,145.65920460242424,BCS009,co2_prediction,,,,,,,,,,,
31.63681831713785,mangrove,38.64962550401717,0.4742926470081901,Shallow_marine,184.66336082261205,BCS003,co2_prediction,,,,,,,,,,,
149.89491691568952,mangrove,73.81788482068036,0.7185645996802867,Deltaic,1169.7320027720102,BCS005,co2_prediction,,,,,,,,,,,
30.571170542903555,mangrove,44.48006361765595,0.3900108713549784,Shallow_marine,118.64942823227398,BCS003,co2_prediction,,,,,,,,,,,
93.80548483025996,mangrove,43.91336456265784,0.4869959900150193,Lagoon,363.82194766179475,BCS007,co2_prediction,,,,,,,,,,,
170.41666954818206,mangrove,68.23211650520949,0.6910328465898042,Deltaic,1184.2454152931248,BCS005,co2_prediction,,,,,,,,,,,
19.124065125380874,mangrove,20.153277355442082,0.4988810583819205,Estuarine,123.06740541437578,BCS009,co2_prediction,,,,,,,,,,,
83.391200876764,mangrove,46.026481005753794,0.4145339311512036,Lagoon,333.6745058019185,BCS007,co2_prediction,,,,,,,,,,,
73.69587456655691,mangrove,56.63892383247144,0.6924437402045736,Estuarine,676.1291730545292,BCS002,co2_prediction,,,,,,,,,,,
24.302295471900045,mangrove,27.133270631303564,0.5309329469308113,Brackish,141.007349814083,BCS004,co2_prediction,,,,,,,,,,,
20.447584440338115,mangrove,22.626377685167093,0.5132501763331522,Estuarine,106.7026814993668,BCS009,co2_prediction,,,,,,,,,,,
82.32838974154241,mangrove,61.43321183134134,0.7499020030758229,Estuarine,683.7749639258886,BCS002,co2_prediction,,,,,,,,,,,
63.62221981361598,mangrove,51.44831949099598,0.588931967385177,Marine_shallow,388.7714067776467,BCS010,co2_prediction,,,,,,,,,,,
19.65845708281502,mangrove,21.477485255638868,0.5761999692129559,Estuarine,127.60724237042292,BCS009,co2_prediction,,,,,,,,,,,
67.82730290994056,mangrove,70.06434083520753,0.556664233495301,Marine_shallow,311.6792395723183,BCS010,co2_prediction,,,,,,,,,,,
159.0344822134996,mangrove,64.58444593186158,0.6403828312450371,Deltaic,1201.8278201187215,BCS005,co2_prediction,,,,,,,,,,,
84.40045844640899,mangrove,56.468717815492624,0.7930746998051985,Estuarine,678.4104447201938,BCS002,co2_prediction,,,,,,,,,,,
23.513204574135614,mangrove,32.49700399752832,0.4997461785577722,Brackish,110.79246182941431,BCS004,co2_prediction,,,,,,,,,,,
94.2555898030902,mangrove,57.47117058604621,0.4937522554320211,Lagoon,381.6525421153917,BCS007,co2_prediction,,,,,,,,,,,
41.82490314325903,mangrove,18.367166639131177,0.5941401256532133,Bay_tidal,243.8515868184317,BCS008,co2_prediction,,,,,,,,,,,
33.456336346973,mangrove,39.371576052237245,0.45214624135591075,Shallow_marine,174.34074506564824,BCS003,co2_prediction,,,,,,,,,,,
47.48273822463217,mangrove,52.119593462750544,0.6133491660781939,Tidal,319.7717225510515,BCS001,co2_prediction,,,,,,,,,,,
20.407176044906727,mangrove,32.251714660652674,0.5934857446293149,Brackish,156.32635821377937,BCS004,co2_prediction,,,,,,,,,,,
76.88223528235272,mangrove,57.01308374762336,0.8521003122219429,Estuarine,568.5510357454497,BCS002,co2_prediction,,,,,,,,,,,
40.034599806513576,mangrove,19.868989519112525,0.5796596359326913,Bay_tidal,268.66228861678763,BCS008,co2_prediction,,,,,,,,,,,
21.919353736446304,mangrove,30.09529850573995,0.5199388354388202,Brackish,138.2593247342749,BCS004,co2_prediction,,,,,,,,,,,
77.16330211025718,mangrove,64.05296160075869,0.793601833652729,Estuarine,583.5500594362096,BCS002,co2_prediction,,,,,,,,,,,
38.84995707998669,mangrove,36.40386203678642,0.525769186432147,Creek_tidal,243.6773951727523,BCS006,co2_prediction,,,,,,,,,,,
32.29645282283556,mangrove,37.1315075785465,0.5789460035621509,Creek_tidal,268.46133851025905,BCS006,co2_prediction,,,,,,,,,,,
72.4054644342838,mangrove,53.28183234178003,0.5711757712276104,Marine_shallow,312.1157747865314,BCS010,co2_prediction,,,,,,,,,,,
19.990056662053995,mangrove,27.79347284699076,0.5262518335547078,Brackish,111.31108442642352,BCS004,co2_prediction,,,,,,,,,,,
33.77035915675949,mangrove,36.73346049666644,0.5263237330359208,Creek_tidal,239.00949324565053,BCS006,co2_prediction,,,,,,,,,,,
79.92729734694281,mangrove,63.04970529342921,0.6377715142651256,Estuarine,581.4170424349053,BCS002,co2_prediction,,,,,,,,,,,
70.35153125338749,mangrove,57.20701950666946,0.4774405760460819,Marine_shallow,311.5174506824578,BCS010,co2_prediction,,,,,,,,,,,
83.38926217165252,mangrove,64.23505876364354,0.6653730881983698,Estuarine,633.8758072271936,BCS002,co2_prediction,,,,,,,,,,,
71.4650347364348,mangrove,64.7169002901451,0.5513578091129698,Marine_shallow,267.5424821202035,BCS010,co2_prediction,,,,,,,,,,,
22.45555606648489,mangrove,28.685639809381854,0.5013189733662392,Brackish,112.33340956978157,BCS004,co2_prediction,,,,,,,,,,,
40.061293234012325,mangrove,20.83698105681791,0.6657989020715296,Bay_tidal,265.99292801829574,BCS008,co2_prediction,,,,,,,,,,,
95.53624350275116,mangrove,46.831638216697165,0.4934403979504061,Lagoon,355.85295839622086,BCS007,co2_prediction,,,,,,,,,,,
19.00462612238279,mangrove,24.333497618551288,0.481029266850378,Estuarine,93.27528223186098,BCS009,co2_prediction,,,,,,,,,,,
37.3545159159314,mangrove,19.096780574949197,0.5924952011599902,Bay_tidal,273.676202272968,BCS008,co2_prediction,,,,,,,,,,,
142.1293766761005,mangrove,73.82300694723826,0.7025310341061695,Deltaic,1252.3456863445037,BCS005,co2_prediction,,,,,,,,,,,
73.09641717075783,mangrove,61.4182367646564,0.7140674549745986,Estuarine,593.4669738706524,BCS002,co2_prediction,,,,,,,,,,,
162.5164979436483,mangrove,84.05664945944024,0.7369463824073968,Deltaic,1058.5999616490456,BCS005,co2_prediction,,,,,,,,,,,
42.07399284964284,mangrove,22.817599415213195,0.6050141905673307,Bay_tidal,274.96946117687264,BCS008,co2_prediction,,,,,,,,,,,
70.91204926346833,mangrove,61.714614422377274,0.5568257611331315,Marine_shallow,333.8286536813092,BCS010,co2_prediction,,,,,,,,,,,
18.64032191405639,mangrove,22.84791529846085,0.5654932470215347,Estuarine,155.33974563627172,BCS009,co2_prediction,,,,,,,,,,,
19.54478528302245,mangrove,22.16783900120561,0.47353122502625183,Estuarine,130.72126597100436,BCS009,co2_prediction,,,,,,,,,,,
47.46213486458589,mangrove,55.56778553227,0.5970026014809252,Tidal,338.05741102923105,BCS001,co2_prediction,,,,,,,,,,,
18.822368942671954,mangrove,24.844818491619762,0.6294401348702523,Estuarine,123.35588911678806,BCS009,co2_prediction,,,,,,,,,,,
92.6668564990106,mangrove,48.424588323586306,0.46142029917794536,Lagoon,406.1483002616554,BCS007,co2_prediction,,,,,,,,,,,
18.27798634699309,mangrove,20.937205945356904,0.5808924326378193,Estuarine,133.2916938496581,BCS009,co2_prediction,,,,,,,,,,,
40.39175679863144,mangrove,21.770353591432993,0.5806806177527781,Bay_tidal,285.5237738173504,BCS008,co2_prediction,,,,,,,,,,,
43.81963577530205,mangrove,52.577674012699354,0.6244239754226631,Tidal,308.4740669358683,BCS001,co2_prediction,,,,,,,,,,,
37.62024565947968,mangrove,18.466288383669326,0.5738413407808312,Bay_tidal,242.71109996657398,BCS008,co2_prediction,,,,,,,,,,,
43.22064441605442,mangrove,19.50216777885448,0.5686013476609666,Bay_tidal,241.6022779349376,BCS008,co2_prediction,,,,,,,,,,,
31.47204347802968,mangrove,41.42251690053836,0.428445865091223,Shallow_marine,158.7866473271488,BCS003,co2_prediction,,,,,,,,,,,
45.24517873331932,mangrove,50.94627857892854,0.6172408656711977,Tidal,374.20309778501695,BCS001,co2_prediction,,,,,,,,,,,
43.199924880838864,mangrove,19.792959784083834,0.5371898297537577,Bay_tidal,242.11646364584334,BCS008,co2_prediction,,,,,,,,,,,
33.868125556494334,mangrove,40.23081274070327,0.4812706014304847,Shallow_marine,140.89945459552467,BCS003,co2_prediction,,,,,,,,,,,
34.44064744507281,mangrove,39.74891608192593,0.49661288350492117,Shallow_marine,151.77164634924412,BCS003,co2_prediction,,,,,,,,,,,
44.843876488013926,mangrove,51.35253371578656,0.6141967432558765,Tidal,317.4419377435802,BCS001,co2_prediction,,,,,,,,,,,
151.0070779061999,mangrove,80.4757937644406,0.709550551573322,Deltaic,1335.2086690688968,BCS005,co2_prediction,,,,,,,,,,,
66.7714348981672,mangrove,47.57408384023304,0.59314653911785,Marine_shallow,249.92667171379202,BCS010,co2_prediction,,,,,,,,,,,
77.33218412833217,mangrove,45.74972394653587,0.4421355394983316,Lagoon,344.43887889836446,BCS007,co2_prediction,,,,,,,,,,,
59.42032334825348,mangrove,60.7120434900931,0.6151975802184987,Marine_shallow,297.3223787317396,BCS010,co2_prediction,,,,,,,,,,,
17.257751798524804,mangrove,24.909534966590886,0.4447864826617705,Estuarine,96.34113382461582,BCS009,co2_prediction,,,,,,,,,,,
82.26769068899421,mangrove,45.24584400195071,0.441158728944862,Lagoon,339.2973036908402,BCS007,co2_prediction,,,,,,,,,,,
19.917251406060988,mangrove,20.913581596775025,0.43814065894888643,Estuarine,113.96936652671286,BCS009,co2_prediction,,,,,,,,,,,
38.58656570376172,mangrove,20.798456677595144,0.507512578704578,Bay_tidal,248.65676828693017,BCS008,co2_prediction,,,,,,,,,,,
76.51303795890338,mangrove,70.45383826054105,0.810414839416218,Estuarine,710.2185371701158,BCS002,co2_prediction,,,,,,,,,,,
49.89800952479441,mangrove,44.50790117791371,0.6394325502994004,Tidal,317.4647461676498,BCS001,co2_prediction,,,,,,,,,,,
86.85200007896869,mangrove,49.855987709770034,0.42723704206760055,Lagoon,336.7750064312587,BCS007,co2_prediction,,,,,,,,,,,
94.67471134567661,mangrove,45.407715234269524,0.39883960866183843,Lagoon,373.34147088651446,BCS007,co2_prediction,,,,,,,,,,,
38.49292036092713,mangrove,20.167239460629496,0.4397454164910241,Bay_tidal,280.3838298176957,BCS008,co2_prediction,,,,,,,,,,,
153.73120877642316,mangrove,65.93530457834525,0.6946059545639582,Deltaic,1100.1569568921675,BCS005,co2_prediction,,,,,,,,,,,
30.21474230435392,mangrove,39.481244901981064,0.5454187548557062,Shallow_marine,133.7508905830959,BCS003,co2_prediction,,,,,,,,,,,
40.47169792340293,mangrove,22.37447230287191,0.5965154709702347,Bay_tidal,267.93373839054266,BCS008,co2_prediction,,,,,,,,,,,
37.03269538958173,mangrove,39.28285280660842,0.5386756797160778,Creek_tidal,234.12576078105747,BCS006,co2_prediction,,,,,,,,,,,
28.181329772928816,mangrove,46.18859526342374,0.4739411000743257,Shallow_marine,156.67773722378993,BCS003,co2_prediction,,,,,,,,,,,
46.77087589506182,mangrove,55.51205572006414,0.5221860920614573,Tidal,324.99587880781394,BCS001,co2_prediction,,,,,,,,,,,
33.321916335701246,mangrove,41.991649302019454,0.44607128501191545,Shallow_marine,157.474980581638,BCS003,co2_prediction,,,,,,,,,,,
148.87074895396728,mangrove,82.04506287072648,0.7319590841083653,Deltaic,1092.9494868048494,BCS005,co2_prediction,,,,,,,,,,,
28.917112652919805,mangrove,41.99134579782536,0.45379257345255125,Shallow_marine,146.97217436365065,BCS003,co2_prediction,,,,,,,,,,,
45.460820299893356,mangrove,54.09386134689367,0.6344499210249976,Tidal,318.5833041725655,BCS001,co2_prediction,,,,,,,,,,,
149.6792231658662,mangrove,70.29175130764008,0.7462019576310475,Deltaic,1070.9058738787692,BCS005,co2_prediction,,,,,,,,,,,
68.45086731224289,mangrove,60.18537676075501,0.6029618463779435,Marine_shallow,272.1284553135476,BCS010,co2_prediction,,,,,,,,,,,
89.55628654478367,mangrove,44.03147752320777,0.4283652154637065,Lagoon,401.22850477649297,BCS007,co2_prediction,,,,,,,,,,,
100.85592263072719,mangrove,50.3251411319952,0.4858905327275804,Lagoon,362.30243995247935,BCS007,co2_prediction,,,,,,,,,,,
18.930434911181653,mangrove,22.039568947003062,0.5890523360707813,Estuarine,112.62549386673425,BCS009,co2_prediction,,,,,,,,,,,
61.697677479664854,mangrove,63.613603239952326,0.5279380176745854,Marine_shallow,319.457652210601,BCS010,co2_prediction,,,,,,,,,,,
68.16378581352517,mangrove,58.95357520192196,0.5317134811596171,Marine_shallow,358.94537626265907,BCS010,co2_prediction,,,,,,,,,,,
33.27551132527014,mangrove,44.367753900665946,0.5057698635710535,Shallow_marine,113.58894260535216,BCS003,co2_prediction,,,,,,,,,,,
99.1209095381196,mangrove,49.43457524062675,0.44639064244092236,Lagoon,319.2842104715099,BCS007,co2_prediction,,,,,,,,,,,
48.21976226522711,mangrove,58.12272920516916,0.6637128179716891,Tidal,295.40558363496046,BCS001,co2_prediction,,,,,,,,,,,
23.759497717308296,mangrove,29.989755966580926,0.4951855893554422,Brackish,153.556874456319,BCS004,co2_prediction,,,,,,,,,,,
25.804183742973752,mangrove,24.770042087185985,0.5731169757627465,Brackish,137.76610039715277,BCS004,co2_prediction,,,,,,,,,,,
141.43570676874708,mangrove,71.61434972410636,0.7338185896358225,Deltaic,1312.68671405359,BCS005,co2_prediction,,,,,,,,,,,
84.82449703777381,mangrove,42.260965166826274,0.46269502979815025,Lagoon,332.6692378086483,BCS007,co2_prediction,,,,,,,,,,,
82.7731288670677,mangrove,44.69980400141222,0.5100766896610894,Lagoon,333.4436669553423,BCS007,co2_prediction,,,,,,,,,,,
22.379631483768144,mangrove,31.758784448760565,0.49850252061594075,Brackish,139.97980817665092,BCS004,co2_prediction,,,,,,,,,,,
79.55394067267729,mangrove,49.011759470522335,0.4191988896203472,Lagoon,377.6680845779641,BCS007,co2_prediction,,,,,,,,,,,
34.361554876866485,mangrove,38.29840444911911,0.440542645662682,Shallow_marine,155.22469171958565,BCS003,co2_prediction,,,,,,,,,,,
34.08310979285381,mangrove,34.489477987701626,0.5843264129157343,Creek_tidal,234.9365934642001,BCS006,co2_prediction,,,,,,,,,,,
69.61627066909922,mangrove,62.06233692392324,0.6391632402838736,Estuarine,656.8658874139888,BCS002,co2_prediction,,,,,,,,,,,
61.74024685942826,mangrove,54.04015459123065,0.6015490276673117,Marine_shallow,327.6602892026992,BCS010,co2_prediction,,,,,,,,,,,
19.7840653804631,mangrove,23.026846926667986,0.49867797724293517,Estuarine,135.20709189607038,BCS009,co2_prediction,,,,,,,,,,,
166.77993460495136,mangrove,73.79717455613516,0.7928614878377197,Deltaic,1317.5256076849782,BCS005,co2_prediction,,,,,,,,,,,
40.242924955336406,mangrove,41.002350273749705,0.45590629830884205,Creek_tidal,200.64540483827787,BCS006,co2_prediction,,,,,,,,,,,
28.48481783718155,mangrove,29.713192670375395,0.48105668749540187,Brackish,103.87109589554323,BCS004,co2_prediction,,,,,,,,,,,
69.42786511329176,mangrove,48.89291744682083,0.4951386471167719,Marine_shallow,354.872299546647,BCS010,co2_prediction,,,,,,,,,,,
82.32282336553212,mangrove,47.76882414376888,0.42336563168105845,Lagoon,420.0767018017992,BCS007,co2_prediction,,,,,,,,,,,
16.00812054255086,mangrove,24.47355868922608,0.5314654886163132,Estuarine,112.64628422020517,BCS009,co2_prediction,,,,,,,,,,,
91.31467237868313,mangrove,48.17742002463039,0.44683009551078906,Lagoon,305.64690015502475,BCS007,co2_prediction,,,,,,,,,,,
42.26040499935786,mangrove,57.29298969459503,0.5846047683686976,Tidal,328.6629892148584,BCS001,co2_prediction,,,,,,,,,,,
43.69806814719026,mangrove,42.35933691387515,0.5891011509798014,Tidal,355.7331992383517,BCS001,co2_prediction,,,,,,,,,,,
18.354922542251657,mangrove,23.182651998961312,0.5296194998173341,Estuarine,148.00082328393847,BCS009,co2_prediction,,,,,,,,,,,
19.082618871373104,mangrove,25.48363097503773,0.4790929221681416,Estuarine,131.9269530420127,BCS009,co2_prediction,,,,,,,,,,,
25.069931466495568,mangrove,24.748386027904395,0.5423894665321549,Brackish,128.99973969914487,BCS004,co2_prediction,,,,,,,,,,,
19.542482988135614,mangrove,27.2065141468775,0.5487673395045354,Estuarine,114.2456763522179,BCS009,co2_prediction,,,,,,,,,,,
32.285011266306796,mangrove,41.76210666041787,0.4710151388186064,Shallow_marine,147.3185057569337,BCS003,co2_prediction,,,,,,,,,,,
81.9930043597898,mangrove,49.791655989853126,0.47351346444819453,Lagoon,364.24320889851646,BCS007,co2_prediction,,,,,,,,,,,
30.051080145500705,mangrove,35.81897983233722,0.5772924831212816,Creek_tidal,215.12622913313498,BCS006,co2_prediction,,,,,,,,,,,
39.98156727860396,mangrove,21.586048862665216,0.670311068487388,Bay_tidal,305.7492233963068,BCS008,co2_prediction,,,,,,,,,,,
19.216959741536513,mangrove,26.413291295658663,0.5175089394958157,Estuarine,147.84493760399488,BCS009,co2_prediction,,,,,,,,,,,
178.40619563940285,mangrove,73.34137739599008,0.7083401846807836,Deltaic,1357.6402392069765,BCS005,co2_prediction,,,,,,,,,,,
45.67107266964596,mangrove,51.68468842316644,0.5607296074240602,Tidal,295.4718446536998,BCS001,co2_prediction,,,,,,,,,,,
35.27084656083632,mangrove,41.444020592548966,0.41920543162449314,Shallow_marine,159.73160935703447,BCS003,co2_prediction,,,,,,,,,,,
64.51578686225352,mangrove,55.73181841207485,0.5153771302118918,Marine_shallow,343.1917894647643,BCS010,co2_prediction,,,,,,,,,,,
37.656507145364145,mangrove,20.02747349977031,0.5354715120651924,Bay_tidal,264.9900377598021,BCS008,co2_prediction,,,,,,,,,,,
32.02083586804294,mangrove,37.07535900922305,0.560731353534301,Creek_tidal,269.35073548882923,BCS006,co2_prediction,,,,,,,,,,,
39.18644765722502,mangrove,20.888275918738465,0.5918766215819034,Bay_tidal,269.8831781212478,BCS008,co2_prediction,,,,,,,,,,,
22.586357266879894,mangrove,26.279657867318704,0.5232721737915099,Estuarine,134.7334785944379,BCS009,co2_prediction,,,,,,,,,,,
21.582077416793336,mangrove,25.93398488084894,0.4819203847982945,Brackish,142.51327038462088,BCS004,co2_prediction,,,,,,,,,,,
48.231976960710625,mangrove,50.22596334894294,0.639671210348057,Tidal,336.5307155820206,BCS001,co2_prediction,,,,,,,,,,,
41.935015324037316,mangrove,56.746067582765214,0.6319966033249581,Tidal,267.39415939458166,BCS001,co2_prediction,,,,,,,,,,,
72.20813651721193,mangrove,56.30537477614036,0.5650498955811147,Marine_shallow,325.2572814729549,BCS010,co2_prediction,,,,,,,,,,,
23.811389385363636,mangrove,26.469566627475274,0.48654551743799385,Brackish,126.52814013533944,BCS004,co2_prediction,,,,,,,,,,,
88.27972575594934,mangrove,47.388070299658246,0.47321950634798193,Lagoon,327.42453172253255,BCS007,co2_prediction,,,,,,,,,,,
78.64270693503315,mangrove,66.0813954632833,0.7416780336512176,Estuarine,746.5732183228964,BCS002,co2_prediction,,,,,,,,,,,
30.98707538875672,mangrove,40.6037480256462,0.40400341840663107,Shallow_marine,172.59216644113314,BCS003,co2_prediction,,,,,,,,,,,
46.81299708055921,mangrove,56.1271413830536,0.5934548945003284,Tidal,369.6744752160205,BCS001,co2_prediction,,,,,,,,,,,
150.6108865618189,mangrove,76.9351333395832,0.7414028132809738,Deltaic,1250.2540885025674,BCS005,co2_prediction,,,,,,,,,,,
40.768209558217634,mangrove,54.150000378151134,0.5537521696722206,Tidal,369.39474393628336,BCS001,co2_prediction,,,,,,,,,,,
37.347023752664306,mangrove,21.165074220813462,0.5852149697788058,Bay_tidal,254.06586151095192,BCS008,co2_prediction,,,,,,,,,,,
45.82407791048319,mangrove,60.18050138327131,0.5272525938437341,Tidal,332.0398345793614,BCS001,co2_prediction,,,,,,,,,,,
50.909993983180144,mangrove,49.90065042545568,0.660484179670181,Tidal,289.8540677196853,BCS001,co2_prediction,,,,,,,,,,,
79.90986706487554,mangrove,51.97855760968662,0.8036391659666461,Estuarine,664.4613172792164,BCS002,co2_prediction,,,,,,,,,,,
78.15115488559442,mangrove,69.84426759823288,0.7159290487198533,Estuarine,642.9492042996761,BCS002,co2_prediction,,,,,,,,,,,
35.493453363536666,mangrove,36.15901450864697,0.5803167336155367,Creek_tidal,208.24060036663246,BCS006,co2_prediction,,,,,,,,,,,
98.74052445668721,mangrove,47.03579931102908,0.3659308060195155,Lagoon,373.55765084551047,BCS007,co2_prediction,,,,,,,,,,,
159.04315879705368,mangrove,79.54301194479663,0.6590026764854815,Deltaic,1209.4198499519612,BCS005,co2_prediction,,,,,,,,,,,
43.71408713330521,mangrove,44.23029594268884,0.5826761694676179,Tidal,383.9398306072833,BCS001,co2_prediction,,,,,,,,,,,
49.20033997557656,mangrove,45.65331450701455,0.5455206580891675,Tidal,354.54127856314045,BCS001,co2_prediction,,,,,,,,,,,
33.821626843015586,mangrove,35.36998600140362,0.4830549063018603,Shallow_marine,147.31841963623094,BCS003,co2_prediction,,,,,,,,,,,
88.5936918214787,mangrove,57.967437091794096,0.8474423681641801,Estuarine,654.9897481820775,BCS002,co2_prediction,,,,,,,,,,,
158.59116340302273,mangrove,74.53230685065789,0.6578252738435862,Deltaic,1224.5301078641953,BCS005,co2_prediction,,,,,,,,,,,
60.617254485470596,mangrove,62.37717697517796,0.5340135556830239,Marine_shallow,316.0148065064348,BCS010,co2_prediction,,,,,,,,,,,
30.901990062894036,mangrove,38.362892602463866,0.5745419235085868,Creek_tidal,213.5134456129323,BCS006,co2_prediction,,,,,,,,,,,
101.2074365713179,mangrove,41.36277474249221,0.5117593826879466,Lagoon,369.80830409961504,BCS007,co2_prediction,,,,,,,,,,,
26.285334252007534,mangrove,23.097098876966008,0.4631585538331611,Brackish,123.98377555736964,BCS004,co2_prediction,,,,,,,,,,,
88.11607858660285,mangrove,46.83610844256305,0.46236164362603255,Lagoon,328.5331521445137,BCS007,co2_prediction,,,,,,,,,,,
40.32475259525943,mangrove,19.501760457461046,0.6604524748431779,Bay_tidal,266.7327647659583,BCS008,co2_prediction,,,,,,,,,,,
50.48458256074781,mangrove,52.59782705214049,0.5178516253025145,Tidal,338.17331709286725,BCS001,co2_prediction,,,,,,,,,,,
31.62684118664728,mangrove,39.64106608833373,0.5061263562300399,Creek_tidal,196.65086205531415,BCS006,co2_prediction,,,,,,,,,,,
38.62234848091501,mangrove,20.49080210851114,0.5569246188511667,Bay_tidal,250.64675463892362,BCS008,co2_prediction,,,,,,,,,,,
164.3441582407918,mangrove,76.37836657176491,0.6959367285082124,Deltaic,1340.5299387606033,BCS005,co2_prediction,,,,,,,,,,,
22.37076973295548,mangrove,28.85287911466082,0.5467325597664968,Brackish,148.17147965373292,BCS004,co2_prediction,,,,,,,,,,,
78.86767077726292,mangrove,64.52488042213845,0.744816267254071,Estuarine,704.6502067919528,BCS002,co2_prediction,,,,,,,,,,,
34.24628251369595,mangrove,35.417434416022694,0.4838450716261289,Creek_tidal,240.36169891284172,BCS006,co2_prediction,,,,,,,,,,,
31.47204347802968,wetland,41.42251690053836,0.3856012785821007,Shallow_marine,127.02931786171905,BCS003,co2_prediction,,,,,,,,,,,
61.697677479664854,wetland,63.613603239952326,0.47514421590712685,Marine_shallow,255.5661217684808,BCS010,co2_prediction,,,,,,,,,,,
73.7723822367116,wetland,60.71233533808764,0.49062880903791833,Marine_shallow,264.9872577346568,BCS010,co2_prediction,,,,,,,,,,,
44.18849156110754,wetland,18.11614194030492,0.4219569829117617,Bay_tidal,207.78429328613103,BCS008,co2_prediction,,,,,,,,,,,
38.62234848091501,wetland,20.49080210851114,0.5012321569660501,Bay_tidal,200.5174037111389,BCS008,co2_prediction,,,,,,,,,,,
44.09750157964389,wetland,20.41353499572336,0.552870132835617,Bay_tidal,228.88029806168072,BCS008,co2_prediction,,,,,,,,,,,
68.16378581352517,wetland,58.95357520192196,0.47854213304365545,Marine_shallow,287.15630101012727,BCS010,co2_prediction,,,,,,,,,,,
77.33218412833217,wetland,45.74972394653587,0.39792198554849845,Lagoon,275.5511031186916,BCS007,co2_prediction,,,,,,,,,,,
22.45555606648489,wetland,28.685639809381854,0.4511870760296153,Brackish,89.86672765582526,BCS004,co2_prediction,,,,,,,,,,,
70.35153125338749,wetland,57.20701950666946,0.4296965184414737,Marine_shallow,249.21396054596627,BCS010,co2_prediction,,,,,,,,,,,
37.03269538958173,wetland,39.28285280660842,0.48480811174447,Creek_tidal,187.30060862484598,BCS006,co2_prediction,,,,,,,,,,,
17.257751798524804,wetland,24.909534966590886,0.4003078343955935,Estuarine,77.07290705969267,BCS009,co2_prediction,,,,,,,,,,,
40.242924955336406,wetland,41.002350273749705,0.41031566847795786,Creek_tidal,160.5163238706223,BCS006,co2_prediction,,,,,,,,,,,
71.4650347364348,wetland,64.7169002901451,0.4962220282016729,Marine_shallow,214.0339856961628,BCS010,co2_prediction,,,,,,,,,,,
30.901990062894036,wetland,38.362892602463866,0.5170877311577281,Creek_tidal,170.81075649034585,BCS006,co2_prediction,,,,,,,,,,,
178.40619563940285,wetland,73.34137739599008,0.6375061662127053,Deltaic,1086.1121913655813,BCS005,co2_prediction,,,,,,,,,,,
18.638661842580163,wetland,24.509486774902264,0.43570137048949764,Estuarine,105.08832384056171,BCS009,co2_prediction,,,,,,,,,,,
38.58656570376172,wetland,20.798456677595144,0.4567613208341202,Bay_tidal,198.92541462954415,BCS008,co2_prediction,,,,,,,,,,,
39.98156727860396,wetland,21.586048862665216,0.6032799616386492,Bay_tidal,244.59937871704543,BCS008,co2_prediction,,,,,,,,,,,
84.40045844640899,wetland,56.468717815492624,0.7137672298246787,Estuarine,542.7283557761551,BCS002,co2_prediction,,,,,,,,,,,
78.15115488559442,wetland,69.84426759823288,0.644336143847868,Estuarine,514.359363439741,BCS002,co2_prediction,,,,,,,,,,,
28.48481783718155,wetland,29.713192670375395,0.43295101874586167,Brackish,83.0968767164346,BCS004,co2_prediction,,,,,,,,,,,
91.31467237868313,wetland,48.17742002463039,0.40214708595971016,Lagoon,244.51752012401982,BCS007,co2_prediction,,,,,,,,,,,
42.07399284964284,wetland,22.817599415213195,0.5445127715105977,Bay_tidal,219.97556894149812,BCS008,co2_prediction,,,,,,,,,,,
158.59116340302273,wetland,74.53230685065789,0.5920427464592276,Deltaic,979.6240862913563,BCS005,co2_prediction,,,,,,,,,,,
78.64270693503315,wetland,66.0813954632833,0.6675102302860959,Estuarine,597.2585746583171,BCS002,co2_prediction,,,,,,,,,,,
49.89800952479441,wetland,44.50790117791371,0.5754892952694604,Tidal,253.97179693411988,BCS001,co2_prediction,,,,,,,,,,,
22.37076973295548,wetland,28.85287911466082,0.49205930378984714,Brackish,118.53718372298634,BCS004,co2_prediction,,,,,,,,,,,
28.181329772928816,wetland,46.18859526342374,0.4265469900668932,Shallow_marine,125.34218977903195,BCS003,co2_prediction,,,,,,,,,,,
79.90986706487554,wetland,51.97855760968662,0.7232752493699814,Estuarine,531.5690538233731,BCS002,co2_prediction,,,,,,,,,,,
38.84995707998669,wetland,36.40386203678642,0.4731922677889323,Creek_tidal,194.94191613820186,BCS006,co2_prediction,,,,,,,,,,,
30.21474230435392,wetland,39.481244901981064,0.49087687937013563,Shallow_marine,107.00071246647673,BCS003,co2_prediction,,,,,,,,,,,
32.02083586804294,wetland,37.07535900922305,0.504658218180871,Creek_tidal,215.4805883910634,BCS006,co2_prediction,,,,,,,,,,,
37.62024565947968,wetland,18.466288383669326,0.5164572067027481,Bay_tidal,194.1688799732592,BCS008,co2_prediction,,,,,,,,,,,
48.21976226522711,wetland,58.12272920516916,0.5973415361745202,Tidal,236.32446690796837,BCS001,co2_prediction,,,,,,,,,,,
43.22064441605442,wetland,19.50216777885448,0.51174121289487,Bay_tidal,193.28182234795008,BCS008,co2_prediction,,,,,,,,,,,
25.804183742973752,wetland,24.770042087185985,0.5158052781864718,Brackish,110.21288031772222,BCS004,co2_prediction,,,,,,,,,,,
49.20033997557656,wetland,45.65331450701455,0.49096859228025075,Tidal,283.63302285051236,BCS001,co2_prediction,,,,,,,,,,,
92.6668564990106,wetland,48.424588323586306,0.4152782692601508,Lagoon,324.91864020932434,BCS007,co2_prediction,,,,,,,,,,,
68.45086731224289,wetland,60.18537676075501,0.5426656617401492,Marine_shallow,217.70276425083807,BCS010,co2_prediction,,,,,,,,,,,
,,,,,,,restoration_classification,0.2258374179743962,38.952863159357356,47.89271145005255,0.8990441567171034,NO_RESTORATION,,,,,,
,,,,,,,restoration_classification,0.258679873527128,57.98750058514292,31.523625552311092,0.7457575011419065,PARTIAL,,,,,,
,,,,,,,restoration_classification,0.3858103337945959,65.62141283174203,20.41353499572336,0.7721548997757616,PARTIAL,,,,,,
,,,,,,,restoration_classification,0.4409475074248481,70.94213960866762,48.0,0.930453101329852,PARTIAL,,,,,,
,,,,,,,restoration_classification,0.3477050716782232,42.6491452681624,38.98482461508693,0.847469594438525,PARTIAL,,,,,,
,,,,,,,restoration_classification,0.3911115189519512,50.86351996102109,48.0,0.8745598271579871,PARTIAL,,,,,,
,,,,,,,restoration_classification,0.26497450071237344,42.038346795070545,37.83010336280954,0.77420883934705,PARTIAL,,,,,,
,,,,,,,restoration_classification,0.22783790768835369,51.596933718317956,42.086348075912916,0.8455210483346141,NO_RESTORATION,,,,,,
,,,,,,,restoration_classification,0.27477253023755693,42.720892343608575,18.84288896241952,0.9470847572161011,PARTIAL,,,,,,
,,,,,,,restoration_classification,0.40137889053086234,67.71129529010858,48.0,0.9213824245865718,PARTIAL,,,,,,
,,,,,,,restoration_classification,0.26138889234022994,37.79830926167967,30.40937909600696,0.8489830121270406,NO_RESTORATION,,,,,,
,,,,,,,restoration_classification,0.25240994987062504,45.65969770578487,18.11614194030492,0.821815522919589,PARTIAL,,,,,,
,,,,,,,restoration_classification,0.33975260942824603,55.175947974069224,20.31633052665975,0.8393074802997806,PARTIAL,,,,,,
,,,,,,,restoration_classification,0.265403536584266,63.104351479486255,38.9953754656881,0.7404072467582646,PARTIAL,,,,,,
,,,,,,,restoration_classification,0.29923740832343715,46.842891485162106,36.54944025532915,0.8730955918826266,PARTIAL,,,,,,
,,,,,,,restoration_classification,0.45817493939698944,82.59913701257705,48.0,0.9398082546513652,PARTIAL,,,,,,
,,,,,,,restoration_classification,0.4565166269617769,80.33509714529654,48.0,0.8300911189642151,PARTIAL,,,,,,
,,,,,,,restoration_classification,0.39481840094365517,66.23589509055203,22.4350347982005,0.8444668825495717,PARTIAL,,,,,,
,,,,,,,restoration_classification,0.3501407644633694,56.79018136712311,37.06940428043897,0.8042869561619167,PARTIAL,,,,,,
,,,,,,,restoration_classification,0.42891703028059547,83.64977429836709,48.0,0.8636952670379533,PARTIAL,,,,,,
,,,,,,,restoration_classification,0.4148571695741699,72.23109366840131,48.0,0.8989804899302419,PARTIAL,,,,,,
,,,,,,,restoration_classification,0.4059244220282465,64.39689692748198,48.0,0.7571250839280508,PARTIAL,,,,,,
,,,,,,,restoration_classification,0.2689818970552312,51.77548524997592,48.0,0.8897421461485017,PARTIAL,,,,,,
,,,,,,,restoration_classification,0.1924438783435216,56.50617423175018,34.27727741510728,0.8871182870940335,NO_RESTORATION,,,,,,
,,,,,,,restoration_classification,0.19737532266420615,44.545060666443824,24.509486774902264,0.8342673973735982,NO_RESTORATION,,,,,,
,,,,,,,restoration_classification,0.34922132655568083,57.599460459400184,48.0,0.7418865175763887,PARTIAL,,,,,,
,,,,,,,restoration_classification,0.3670389801428287,54.48374405979098,48.0,0.8220101074469451,PARTIAL,,,,,,
,,,,,,,restoration_classification,0.30602530842808723,54.714450855308996,46.65765304514611,0.9156137137715826,PARTIAL,,,,,,
,,,,,,,restoration_classification,0.3026314428208632,48.991080970632225,43.450166806848564,0.6917409364217174,PARTIAL,,,,,,
,,,,,,,restoration_classification,0.18405404998193678,52.48515819392216,27.6819310471552,0.8385224199360186,NO_RESTORATION,,,,,,
,,,,,,,restoration_classification,0.30645177843581844,46.59453326015608,21.484499569757297,0.7865516559813962,PARTIAL,,,,,,
,,,,,,,restoration_classification,0.36264749829509274,40.74156292241145,38.64962550401717,0.8850870444808798,PARTIAL,,,,,,
,,,,,,,restoration_classification,0.3747497215635863,70.48070404671482,48.0,0.8599572223288843,PARTIAL,,,,,,
,,,,,,,restoration_classification,0.21501619722349227,29.444321577168672,44.48006361765595,0.8481998753077762,NO_RESTORATION,,,,,,
,,,,,,,restoration_classification,0.25455299814758053,43.22233108118897,43.91336456265784,0.8756722189614585,PARTIAL,,,,,,
,,,,,,,restoration_classification,0.3699024056500061,70.46400093563524,48.0,0.9800178613044619,PARTIAL,,,,,,
,,,,,,,restoration_classification,0.2830155347780003,57.80218502464042,20.153277355442082,0.8396291144926156,PARTIAL,,,,,,
,,,,,,,restoration_classification,0.3200946228749474,58.30865828249738,46.026481005753794,0.8517090047113713,PARTIAL,,,,,,
,,,,,,,restoration_classification,0.5073355778971201,65.72486351003195,48.0,0.814235974084543,PARTIAL,,,,,,
,,,,,,,restoration_classification,0.3017628069064794,61.70509563295377,27.133270631303564,0.9157072675508494,PARTIAL,,,,,,
,,,,,,,restoration_classification,0.4032031165031148,52.787532515725104,22.626377685167093,0.8146245928630622,PARTIAL,,,,,,
,,,,,,,restoration_classification,0.45172002569472497,74.08271442710402,48.0,0.8719426924107774,PARTIAL,,,,,,
,,,,,,,restoration_classification,0.4410437317661602,61.48876344887461,48.0,0.8666740037345748,PARTIAL,,,,,,
,,,,,,,restoration_classification,0.341055049045099,57.991495823375345,21.477485255638868,0.7870957765755987,PARTIAL,,,,,,
,,,,,,,restoration_classification,0.34055143139948785,56.32879770320342,48.0,0.872771348145507,PARTIAL,,,,,,
,,,,,,,restoration_classification,0.40250342237916403,61.5882841475437,48.0,0.926449879895258,PARTIAL,,,,,,
,,,,,,,restoration_classification,0.6347875038514958,70.91881202172675,48.0,0.9232616311359043,SUCCESSFUL,,,,,,
,,,,,,,restoration_classification,0.34241198587690275,40.71286664064473,32.49700399752832,0.7705043575026183,PARTIAL,,,,,,
,,,,,,,restoration_classification,0.26088812676163947,53.29469484288948,48.0,0.8425599863699212,PARTIAL,,,,,,
,,,,,,,restoration_classification,0.40493396890572086,57.75381202480705,18.367166639131177,0.9059294702796171,PARTIAL,,,,,,
,,,,,,,restoration_classification,0.2531961179593294,41.638090737654075,39.371576052237245,0.7465298099728868,PARTIAL,,,,,,
,,,,,,,restoration_classification,0.34352199050185583,61.38595036815831,48.0,0.8189315325247531,PARTIAL,,,,,,
,,,,,,,restoration_classification,0.4015215147721945,64.11816798042526,32.251714660652674,0.912524329129939,PARTIAL,,,,,,
,,,,,,,restoration_classification,0.5128144667217234,86.29221488035267,48.0,0.9339248341542529,PARTIAL,,,,,,
,,,,,,,restoration_classification,0.3617245772852051,54.02963397342332,19.868989519112525,0.8865305062928759,PARTIAL,,,,,,
,,,,,,,restoration_classification,0.31266256235655676,59.35164127777573,30.09529850573995,0.9469625074689296,PARTIAL,,,,,,
,,,,,,,restoration_classification,0.4929902565219091,88.8352963831627,48.0,0.9321480056558559,PARTIAL,,,,,,
,,,,,,,restoration_classification,0.33670980673109563,55.544258575151815,36.40386203678642,0.8880482378080883,PARTIAL,,,,,,
,,,,,,,restoration_classification,0.25051925550201976,63.73658142427963,37.1315075785465,1.0,PARTIAL,,,,,,
,,,,,,,restoration_classification,0.376034096167043,64.5693371036439,48.0,0.8535449263409975,PARTIAL,,,,,,
,,,,,,,restoration_classification,0.2666501291413097,59.40577925389786,27.79347284699076,0.8153562285300168,PARTIAL,,,,,,
,,,,,,,restoration_classification,0.24367928304358188,56.31696836626782,36.73346049666644,0.8766545665195409,NO_RESTORATION,,,,,,
,,,,,,,restoration_classification,0.3797423463661412,67.36723370896186,48.0,0.8995038543224699,PARTIAL,,,,,,
,,,,,,,restoration_classification,0.29066339579337186,50.86202104468721,48.0,0.819152345611906,PARTIAL,,,,,,
,,,,,,,restoration_classification,0.36454854469040787,59.953282772554715,48.0,0.8314547666619316,PARTIAL,,,,,,
,,,,,,,restoration_classification,0.3723662783511806,59.3401198524545,48.0,0.975763782927098,PARTIAL,,,,,,
,,,,,,,restoration_classification,0.2336826257011982,41.9970135098646,28.685639809381854,0.866605968192649,NO_RESTORATION,,,,,,
,,,,,,,restoration_classification,0.3791321538042898,61.81229347640263,20.83698105681791,0.8465455113442021,PARTIAL,,,,,,
,,,,,,,restoration_classification,0.2668205320235936,57.16543020188914,46.831638216697165,0.8944845947040612,PARTIAL,,,,,,
,,,,,,,restoration_classification,0.2862881965932598,53.14424766120298,24.333497618551288,0.8407485957920089,PARTIAL,,,,,,
,,,,,,,restoration_classification,0.36944033492835604,68.1739098541142,19.096780574949197,0.8558549679161065,PARTIAL,,,,,,
,,,,,,,restoration_classification,0.3711239729825244,68.62305710849319,48.0,0.9186198504169586,PARTIAL,,,,,,
,,,,,,,restoration_classification,0.46465460685757054,64.49325244979924,48.0,0.8282193775833352,PARTIAL,,,,,,
,,,,,,,restoration_classification,0.44531794786117307,72.25201505831762,48.0,0.915020636677338,PARTIAL,,,,,,
,,,,,,,restoration_classification,0.2684112016748029,61.11360684017652,22.817599415213195,0.9666505785000538,PARTIAL,,,,,,
,,,,,,,restoration_classification,0.23616588466002733,56.156508411353215,48.0,0.8846740353364919,NO_RESTORATION,,,,,,
,,,,,,,restoration_classification,0.33867998356645523,63.35140757469368,22.84791529846085,0.8442880442151337,PARTIAL,,,,,,
,,,,,,,restoration_classification,0.2730703691264334,45.18549995260451,22.16783900120561,0.8193509809838383,PARTIAL,,,,,,
,,,,,,,restoration_classification,0.3530305552098234,61.81246697891007,48.0,0.8488835216289297,PARTIAL,,,,,,
,,,,,,,restoration_classification,0.3762649580956405,57.012250590417594,24.844818491619762,0.8631898930716614,PARTIAL,,,,,,
,,,,,,,restoration_classification,0.28813017148227626,48.84393358605742,48.0,0.8233937331976755,PARTIAL,,,,,,
,,,,,,,restoration_classification,0.39591794007510656,58.10789456489575,20.937205945356904,0.9119940585812922,PARTIAL,,,,,,
,,,,,,,restoration_classification,0.2928531256057889,53.56918174557071,21.770353591432993,0.7794756683901064,PARTIAL,,,,,,
,,,,,,,restoration_classification,0.31605580560855817,61.027421369217194,48.0,0.9179847976051394,PARTIAL,,,,,,
,,,,,,,restoration_classification,0.28963861157412957,56.279079598991785,18.466288383669326,0.8457839418990382,PARTIAL,,,,,,
,,,,,,,restoration_classification,0.3556066419550153,55.23920399007408,19.50216777885448,0.8825676588169619,PARTIAL,,,,,,
,,,,,,,restoration_classification,0.3193148879870561,53.4726339627284,41.42251690053836,0.7793397775082015,PARTIAL,,,,,,
,,,,,,,restoration_classification,0.3487775474907431,61.1334105532725,48.0,0.9398797264767114,PARTIAL,,,,,,
,,,,,,,restoration_classification,0.1972289056442719,52.25560631431175,19.792959784083834,0.9197197139593453,NO_RESTORATION,,,,,,
,,,,,,,restoration_classification,0.20356271772777204,35.542354397387626,40.23081274070327,0.8942336465736006,NO_RESTORATION,,,,,,
,,,,,,,restoration_classification,0.25631589396315213,44.29604423861525,39.74891608192593,0.7735848379113073,PARTIAL,,,,,,
,,,,,,,restoration_classification,0.34063160157876515,59.841233778849535,48.0,0.9142954022044779,PARTIAL,,,,,,
,,,,,,,restoration_classification,0.4053108995812569,66.83993910027235,48.0,0.9121528646964498,PARTIAL,,,,,,
,,,,,,,restoration_classification,0.35781697961975584,67.60489947205178,47.57408384023304,0.7883657454669417,PARTIAL,,,,,,
,,,,,,,restoration_classification,0.24969400715787662,43.22392729745585,45.74972394653587,0.8372122387111256,NO_RESTORATION,,,,,,
,,,,,,,restoration_classification,0.42158552865826954,69.25042351775939,48.0,0.891266240495363,PARTIAL,,,,,,
,,,,,,,restoration_classification,0.23307102431299387,44.848876070479264,24.909534966590886,0.8667610602235116,NO_RESTORATION,,,,,,
,,,,,,,restoration_classification,0.22157933939314003,44.33923991301566,45.24584400195071,0.8470948141364152,NO_RESTORATION,,,,,,
,,,,,,,restoration_classification,0.2868281722953549,43.281287208613634,20.913581596775025,0.8521897026321463,PARTIAL,,,,,,
,,,,,,,restoration_classification,0.22772544372644082,50.774035380186554,20.798456677595144,0.9251830853535704,NO_RESTORATION,,,,,,
,,,,,,,restoration_classification,0.5057334889157308,91.35425395992095,48.0,0.9733846633787776,PARTIAL,,,,,,
,,,,,,,restoration_classification,0.3887871893659536,50.02559066943273,44.50790117791371,0.7345337623707429,PARTIAL,,,,,,
,,,,,,,restoration_classification,0.24897010074465195,30.714429740127983,48.0,0.8195754806716361,NO_RESTORATION,,,,,,
,,,,,,,restoration_classification,0.3187175705545662,36.62493587984716,45.407715234269524,0.8215353703551701,NO_RESTORATION,,,,,,
,,,,,,,restoration_classification,0.23273687762987855,44.061708940727826,20.167239460629496,0.7503441546618563,NO_RESTORATION,,,,,,
,,,,,,,restoration_classification,0.5197784812645789,73.6012220049799,48.0,0.8936303438244072,PARTIAL,,,,,,
,,,,,,,restoration_classification,0.31597968045201874,57.38039867373547,39.481244901981064,0.9215216395916667,PARTIAL,,,,,,
,,,,,,,restoration_classification,0.2940584603336294,57.34607161974005,22.37447230287191,0.8149747012145174,PARTIAL,,,,,,
,,,,,,,restoration_classification,0.3267013868793879,59.98183013105835,39.28285280660842,0.8745551828777092,PARTIAL,,,,,,
,,,,,,,restoration_classification,0.230552400028657,53.57528242634896,46.18859526342374,0.7989970461500432,NO_RESTORATION,,,,,,
,,,,,,,restoration_classification,0.2757238628461994,53.32295619377512,48.0,0.8208416172283076,PARTIAL,,,,,,
,,,,,,,restoration_classification,0.28749443600792385,50.383073936112595,41.991649302019454,0.9130839387108848,PARTIAL,,,,,,
,,,,,,,restoration_classification,0.4669545548975254,74.8317799914293,48.0,0.8692639258160819,PARTIAL,,,,,,
,,,,,,,restoration_classification,0.24116715905881786,42.01035918455783,41.99134579782536,0.8638691391410415,NO_RESTORATION,,,,,,
,,,,,,,restoration_classification,0.4300402098673186,67.6318931364998,48.0,0.7833290784019502,PARTIAL,,,,,,
,,,,,,,restoration_classification,0.5055965624796852,75.28387449857681,48.0,0.9923562695959535,PARTIAL,,,,,,
,,,,,,,restoration_classification,0.4335921956549306,60.30422371832127,48.0,0.9007249915909137,PARTIAL,,,,,,
,,,,,,,restoration_classification,0.28348979963451,51.674242979508094,44.03147752320777,0.8265480509602282,PARTIAL,,,,,,
,,,,,,,restoration_classification,0.3597057552408332,33.883820501517526,48.0,0.8759554320455109,NO_RESTORATION,,,,,,
,,,,,,,restoration_classification,0.2593914802437659,50.39912858612071,22.039568947003062,0.7973194957667658,PARTIAL,,,,,,
,,,,,,,restoration_classification,0.30086748317332807,45.67137920921232,48.0,0.9147141406225499,PARTIAL,,,,,,
,,,,,,,restoration_classification,0.27567782587959894,50.99178423054888,48.0,0.8401434574571018,PARTIAL,,,,,,
,,,,,,,restoration_classification,0.3094232111990017,49.04933733850917,44.367753900665946,0.8409504969617889,PARTIAL,,,,,,
,,,,,,,restoration_classification,0.23926192450471653,35.595110357453954,48.0,0.8146953477399103,NO_RESTORATION,,,,,,
,,,,,,,restoration_classification,0.38991979868552684,60.46033360330396,48.0,0.8537099934570586,PARTIAL,,,,,,
,,,,,,,restoration_classification,0.39122009762346777,44.3535088644028,29.989755966580926,0.883770648452509,PARTIAL,,,,,,
,,,,,,,restoration_classification,0.33538419563662897,72.05624212872999,24.770042087185985,0.8774187376577605,PARTIAL,,,,,,
,,,,,,,restoration_classification,0.46098076964100415,84.19231065006512,48.0,0.9293511249973164,PARTIAL,,,,,,
,,,,,,,restoration_classification,0.2660035513826784,43.799006473707124,42.260965166826274,0.8420992714853515,PARTIAL,,,,,,
,,,,,,,restoration_classification,0.3098316781944953,48.82616922426815,44.69980400141222,0.877675328486077,PARTIAL,,,,,,
,,,,,,,restoration_classification,0.29940234639136803,42.95502807846431,31.758784448760565,0.8287580669269363,PARTIAL,,,,,,
,,,,,,,restoration_classification,0.27393553707086626,30.47110648268312,48.0,0.9453263699945468,NO_RESTORATION,,,,,,
,,,,,,,restoration_classification,0.322590964174968,43.35298344781705,38.29840444911911,0.7597120083110115,PARTIAL,,,,,,
,,,,,,,restoration_classification,0.43296554762960704,52.44552939210927,34.489477987701626,0.9299121487612961,PARTIAL,,,,,,
,,,,,,,restoration_classification,0.3989789482657825,63.407220838415306,48.0,0.9462280205928233,PARTIAL,,,,,,
,,,,,,,restoration_classification,0.3904067609021671,50.553667672470304,48.0,0.8277018652351826,PARTIAL,,,,,,
,,,,,,,restoration_classification,0.24166356088648275,45.29595097443197,23.026846926667986,0.9611992759763857,NO_RESTORATION,,,,,,
,,,,,,,restoration_classification,0.4713230555818508,80.17791135558895,48.0,0.95834681171481,PARTIAL,,,,,,
,,,,,,,restoration_classification,0.3205582522294847,47.787887417587825,41.002350273749705,0.889738210002914,PARTIAL,,,,,,
,,,,,,,restoration_classification,0.33193244441809877,50.61050050199227,29.713192670375395,0.8476124468503742,PARTIAL,,,,,,
,,,,,,,restoration_classification,0.30766367490981567,41.59093080673497,48.0,0.8381664215124205,PARTIAL,,,,,,
,,,,,,,restoration_classification,0.2983390769870327,47.46467754891922,47.76882414376888,0.8242026849842313,PARTIAL,,,,,,
,,,,,,,restoration_classification,0.3434176286194788,48.345278682020215,24.47355868922608,0.8758196275392386,PARTIAL,,,,,,
,,,,,,,restoration_classification,0.3281133702194395,48.480157038722744,48.0,0.9094253328538526,PARTIAL,,,,,,
,,,,,,,restoration_classification,0.36523081886907405,58.3966447771606,48.0,0.8759866645668105,PARTIAL,,,,,,
,,,,,,,restoration_classification,0.3356757748093291,50.651790103512454,42.35933691387515,0.8222480490390958,PARTIAL,,,,,,
,,,,,,,restoration_classification,0.3345637627370517,51.064763754246286,23.182651998961312,0.8971452530827159,PARTIAL,,,,,,
,,,,,,,restoration_classification,0.14092603450824617,50.10147466919676,25.48363097503773,0.891876121753368,NO_RESTORATION,,,,,,
,,,,,,,restoration_classification,0.3445779667385454,57.91673893606308,24.748386027904395,0.8912108697288202,PARTIAL,,,,,,
,,,,,,,restoration_classification,0.146839762441982,54.03080656578703,27.2065141468775,0.8970284132271562,NO_RESTORATION,,,,,,
,,,,,,,restoration_classification,0.19643591292089296,56.29218722546696,41.76210666041787,0.8306566212558308,NO_RESTORATION,,,,,,
,,,,,,,restoration_classification,0.3066965087159659,53.39641107073881,48.0,0.7982532345331099,PARTIAL,,,,,,
,,,,,,,restoration_classification,0.3702519567361087,56.18932361372964,35.81897983233722,0.8220488250922173,PARTIAL,,,,,,
,,,,,,,restoration_classification,0.3440652020854363,71.53183772156046,21.586048862665216,0.8022890512745847,PARTIAL,,,,,,
,,,,,,,restoration_classification,0.2749002616035424,63.35365486071069,26.413291295658663,0.8653492184764606,PARTIAL,,,,,,
,,,,,,,restoration_classification,0.49353116023917676,82.59692607277653,48.0,0.887495597774827,PARTIAL,,,,,,
,,,,,,,restoration_classification,0.31223625787580234,48.70496145747103,48.0,0.8401465362583266,PARTIAL,,,,,,
,,,,,,,restoration_classification,0.3636692745948451,36.36134449550641,41.444020592548966,0.6860601451076451,NO_RESTORATION,,,,,,
,,,,,,,restoration_classification,0.3091302854683177,60.447225741592284,48.0,0.79070955255767,PARTIAL,,,,,,
,,,,,,,restoration_classification,0.34168471608317874,47.19746490149342,20.02747349977031,0.9131363349831969,PARTIAL,,,,,,
,,,,,,,restoration_classification,0.417282532045511,48.13788855368003,37.07535900922305,0.8289149707037037,PARTIAL,,,,,,
,,,,,,,restoration_classification,0.361677328758813,56.27049737399605,20.888275918738465,0.8864049081992227,PARTIAL,,,,,,
,,,,,,,restoration_classification,0.2638461052403659,54.84857763599851,26.279657867318704,0.7851201632595393,PARTIAL,,,,,,
,,,,,,,restoration_classification,0.28366585829426216,47.57765824016287,25.93398488084894,0.9183193510776204,PARTIAL,,,,,,
,,,,,,,restoration_classification,0.3820221893993296,60.06373931237214,48.0,0.8707328590668776,PARTIAL,,,,,,
,,,,,,,restoration_classification,0.3109608793848966,59.154385562148754,48.0,0.8909013404891684,PARTIAL,,,,,,
,,,,,,,restoration_classification,0.32623833378162764,52.23096717163522,48.0,0.9792989687103072,PARTIAL,,,,,,
,,,,,,,restoration_classification,0.25481770576292445,43.37749397184573,26.469566627475274,0.923131108517069,PARTIAL,,,,,,
,,,,,,,restoration_classification,0.3301495916681608,61.01174789845456,47.388070299658246,0.8293156202052435,PARTIAL,,,,,,
,,,,,,,restoration_classification,0.44673741389999333,75.9528697922351,48.0,0.8686745974867255,PARTIAL,,,,,,
,,,,,,,restoration_classification,0.22826226358660012,45.72089616709154,40.6037480256462,0.8145234331053496,NO_RESTORATION,,,,,,
,,,,,,,restoration_classification,0.3507638401690682,56.4110246413193,48.0,0.8941858913238924,PARTIAL,,,,,,
,,,,,,,restoration_classification,0.4559977888888926,73.02454126498108,48.0,0.8930193559436511,PARTIAL,,,,,,
,,,,,,,restoration_classification,0.36309201178782136,51.09389307899993,48.0,0.8409882266842705,PARTIAL,,,,,,
,,,,,,,restoration_classification,0.3011433704338144,42.61124696836537,21.165074220813462,0.9404020564912132,PARTIAL,,,,,,
,,,,,,,restoration_classification,0.26427217467517683,44.45720372328622,48.0,0.8497400241798551,PARTIAL,,,,,,
,,,,,,,restoration_classification,0.4515244685722351,55.18470588713573,48.0,0.9970762905859022,PARTIAL,,,,,,
,,,,,,,restoration_classification,0.4615666559697511,66.86521392895497,48.0,0.9152649613809379,PARTIAL,,,,,,
,,,,,,,restoration_classification,0.3587153246020683,64.42075102619671,48.0,0.9824517294552071,PARTIAL,,,,,,
,,,,,,,restoration_classification,0.37038067563847726,65.98140743784346,36.15901450864697,0.8839293178586387,PARTIAL,,,,,,
,,,,,,,restoration_classification,0.24272697391334364,36.32646359572542,47.03579931102908,0.8713341898663755,NO_RESTORATION,,,,,,
,,,,,,,restoration_classification,0.31886584302845355,73.6436502224752,48.0,0.8455699827212101,PARTIAL,,,,,,
,,,,,,,restoration_classification,0.3610797874537511,60.733512408167044,44.23029594268884,0.823847272764153,PARTIAL,,,,,,
,,,,,,,restoration_classification,0.3640915494749192,59.247418763207705,45.65331450701455,0.8820894293685829,PARTIAL,,,,,,
,,,,,,,restoration_classification,0.30855226636642935,42.900108658358576,35.36998600140362,0.8960386433836378,PARTIAL,,,,,,
,,,,,,,restoration_classification,0.5400644950865777,87.88794254157403,48.0,0.9215012987328591,PARTIAL,,,,,,
,,,,,,,restoration_classification,0.3244817094016143,70.1548127888047,48.0,0.8172453880145324,PARTIAL,,,,,,
,,,,,,,restoration_classification,0.33696014115962414,49.94147181490023,48.0,0.7887897928221385,PARTIAL,,,,,,
,,,,,,,restoration_classification,0.3295941661316298,60.811434574555676,38.362892602463866,0.7935515645924053,PARTIAL,,,,,,
,,,,,,,restoration_classification,0.2829161216765357,54.57306482024366,41.36277474249221,0.7639707708906203,PARTIAL,,,,,,
,,,,,,,restoration_classification,0.321422912770883,43.018539656535616,23.097098876966008,0.8481059787389866,PARTIAL,,,,,,
,,,,,,,restoration_classification,0.351380711709331,39.499553768977286,46.83610844256305,0.8987245248106077,NO_RESTORATION,,,,,,
,,,,,,,restoration_classification,0.4859899876359247,58.94047749292817,19.501760457461046,0.8814197056223951,PARTIAL,,,,,,
,,,,,,,restoration_classification,0.37645136875680396,52.304195781780216,48.0,0.7405495871936103,PARTIAL,,,,,,
,,,,,,,restoration_classification,0.29818910465651477,52.57469483573988,39.64106608833373,0.8416872482292805,PARTIAL,,,,,,
,,,,,,,restoration_classification,0.3517907794620172,50.93730690236919,20.49080210851114,0.853244973938603,PARTIAL,,,,,,
,,,,,,,restoration_classification,0.45590318069413965,69.75318489877783,48.0,0.9939872832129144,PARTIAL,,,,,,
,,,,,,,restoration_classification,0.3340984333248712,58.0964781934806,28.85287911466082,0.7864896163073215,PARTIAL,,,,,,
,,,,,,,restoration_classification,0.4534279697480198,78.1907710133989,48.0,0.8794293733208544,PARTIAL,,,,,,
,,,,,,,restoration_classification,0.3314946995694864,57.69578788334782,35.417434416022694,0.932061648352454,PARTIAL,,,,,,
,,,,,,,restoration_classification,0.2283966348479638,46.222012851398325,41.42251690053836,0.8496191727837475,NO_RESTORATION,,,,,,
,,,,,,,restoration_classification,0.24862218272559303,41.50667299417342,48.0,0.8731944968572466,NO_RESTORATION,,,,,,
,,,,,,,restoration_classification,0.27365363213095806,59.164398161019975,48.0,0.8538549836587777,PARTIAL,,,,,,
,,,,,,,restoration_classification,0.28486970863374417,39.00983926384188,18.11614194030492,0.8508885735152156,NO_RESTORATION,,,,,,
,,,,,,,restoration_classification,0.3008889587396278,56.392452571331575,20.49080210851114,0.8891269079071368,PARTIAL,,,,,,
,,,,,,,restoration_classification,0.34873257854478706,55.69493303986824,20.41353499572336,0.8200997106224851,PARTIAL,,,,,,
,,,,,,,restoration_classification,0.3206292419363027,45.38131703362374,48.0,0.8896113555541412,PARTIAL,,,,,,
,,,,,,,restoration_classification,0.2200111181842186,28.94601739620025,45.74972394653587,0.7609342462654227,NO_RESTORATION,,,,,,
,,,,,,,restoration_classification,0.3085246537992594,44.08932054166344,28.685639809381854,0.8566558138475,PARTIAL,,,,,,
,,,,,,,restoration_classification,0.27676004123780396,33.61335243231372,48.0,0.8448763518526111,NO_RESTORATION,,,,,,
,,,,,,,restoration_classification,0.22914421270110805,54.28460658950364,39.28285280660842,0.8161469679392886,NO_RESTORATION,,,,,,
,,,,,,,restoration_classification,0.3122999401966683,49.131539382394834,24.909534966590886,0.8289273031128364,PARTIAL,,,,,,
,,,,,,,restoration_classification,0.2211521638989289,36.25010091201565,41.002350273749705,0.8009361260623139,NO_RESTORATION,,,,,,
,,,,,,,restoration_classification,0.21497844976174454,51.434027275282915,48.0,0.7956593392972473,NO_RESTORATION,,,,,,
,,,,,,,restoration_classification,0.2580004532153217,47.35642398372495,38.362892602463866,0.8357368091508635,PARTIAL,,,,,,
,,,,,,,restoration_classification,0.33145144169370705,59.979708240449796,48.0,0.8223018014739579,PARTIAL,,,,,,
,,,,,,,restoration_classification,0.26402948822657524,48.21710527214199,24.509486774902264,0.8532801473025619,PARTIAL,,,,,,
,,,,,,,restoration_classification,0.26036426722316025,45.44490251235155,20.798456677595144,0.7838479894592059,PARTIAL,,,,,,
,,,,,,,restoration_classification,0.34512637860115986,70.76588441545098,21.586048862665216,0.9062548434772824,PARTIAL,,,,,,
,,,,,,,restoration_classification,0.4592454361689311,68.48332811025034,48.0,0.8336794925684947,PARTIAL,,,,,,
,,,,,,,restoration_classification,0.403595454368356,70.42963237963373,48.0,0.8505524829905232,PARTIAL,,,,,,
,,,,,,,restoration_classification,0.2755730047797313,43.87958235233286,29.713192670375395,0.8053600333384134,PARTIAL,,,,,,
,,,,,,,restoration_classification,0.26177967444226075,44.98937665443642,48.0,0.8966867536356841,PARTIAL,,,,,,
,,,,,,,restoration_classification,0.3575143963064705,51.76833120708009,22.817599415213195,0.8754170515829491,PARTIAL,,,,,,
,,,,,,,restoration_classification,0.2498279807866644,58.90692162061326,48.0,0.8578218591646258,NO_RESTORATION,,,,,,
,,,,,,,restoration_classification,0.3822842255584345,66.05802975281598,48.0,0.9084380181107053,PARTIAL,,,,,,
,,,,,,,restoration_classification,0.2362830739372025,52.53258683787131,44.50790117791371,0.7597382416874077,NO_RESTORATION,,,,,,
,,,,,,,restoration_classification,0.29703857861379807,53.17841958647523,28.85287911466082,0.846255181275924,PARTIAL,,,,,,
,,,,,,,restoration_classification,0.2556965454289186,46.556193040159506,46.18859526342374,0.9351851069036168,PARTIAL,,,,,,
,,,,,,,restoration_classification,0.48624176336147285,75.88885310643154,48.0,0.9012723751941298,PARTIAL,,,,,,
,,,,,,,restoration_classification,0.3432970803094154,56.541020702399095,36.40386203678642,0.8480341120162532,PARTIAL,,,,,,
,,,,,,,restoration_classification,0.3046648800346997,57.783756744431386,39.481244901981064,0.875581794856137,PARTIAL,,,,,,
,,,,,,,restoration_classification,0.27777687703867754,48.216153678992285,37.07535900922305,0.8957119058018915,PARTIAL,,,,,,
,,,,,,,restoration_classification,0.3341323796489357,53.88403458087988,18.466288383669326,0.7534181066960567,PARTIAL,,,,,,
,,,,,,,restoration_classification,0.33200903983849644,55.99254948190275,48.0,0.7853519831453527,PARTIAL,,,,,,
,,,,,,,restoration_classification,0.3069750951647545,51.314253186174334,19.50216777885448,0.8628628071332813,PARTIAL,,,,,,
,,,,,,,restoration_classification,0.35878998275992147,47.98203112393399,24.770042087185985,0.8174172275424189,PARTIAL,,,,,,
,,,,,,,restoration_classification,0.26669258806867924,58.81728108284138,45.65331450701455,0.9137949815670459,PARTIAL,,,,,,
,,,,,,,restoration_classification,0.2894508935182155,43.710015828072855,48.0,0.817296934357769,PARTIAL,,,,,,
,,,,,,,restoration_classification,0.3594694654787046,52.95839140538838,48.0,0.761806595562374,PARTIAL,,,,,,
,,,,,,,risk_scoring,,,,,,0.9199999999999999,0.9523809523809523,0.6699999999999999,6.0,0.5765588346438661,LOW
,,,,,,,risk_scoring,,,,,,0.96,0.970873786407767,0.69,8.0,0.34869240025433956,LOW
,,,,,,,risk_scoring,,,,,,0.8800000000000001,0.9090909090909091,0.65,5.0,0.3094833332640803,LOW
,,,,,,,risk_scoring,,,,,,0.78,0.5,0.6,6.0,0.5863203799697547,MEDIUM
,,,,,,,risk_scoring,,,,,,0.9800000000000001,0.9803921568627451,0.7000000000000001,5.0,0.5965887201207707,LOW
,,,,,,,risk_scoring,,,,,,0.9099999999999999,0.9259259259259258,0.6649999999999999,8.0,0.5444174327177834,LOW
,,,,,,,risk_scoring,,,,,,0.85,0.6666666666666666,0.635,7.0,0.6409004107748187,LOW
,,,,,,,risk_scoring,,,,,,0.93,0.9615384615384615,0.675,8.0,0.6312976219826563,LOW
,,,,,,,risk_scoring,,,,,,0.8699999999999999,0.9433962264150942,0.6449999999999999,5.0,0.8019678246196158,LOW
,,,,,,,risk_scoring,,,,,,0.9,0.9345794392523364,0.66,7.0,0.36519426195735744,LOW
